0.000000,0.000000,0.000000,0.000000,0.000000,0.000000
0.002139,0.019968,-0.017829,0,0.000000,0.000000
0.015219,0.040191,-0.024972,0,0.000000,0.000000
0.020468,0.018829,0.001640,0,0.000000,0.000000
0.027268,0.049350,-0.022083,0,0.000000,0.000000
0.030791,0.036647,-0.005856,0,0.000000,0.000000
0.017430,0.023804,-0.006374,0,0.000000,0.000000
0.018088,0.018108,-0.000020,0,0.000000,0.000000
0.009999,0.006080,0.003918,0,0.000000,0.000000
0.004442,0.023591,-0.019149,0,0.000000,0.000000
0.002480,0.009854,-0.007374,0,0.000000,0.000000
0.006406,0.046566,-0.040160,0,0.000000,0.000000
0.011331,0.040914,-0.029583,0,0.000000,0.000000
0.007866,0.025417,-0.017551,0,0.000000,0.000000
0.005002,0.026043,-0.021041,0,0.000000,0.000000
0.029706,0.011597,0.018110,0,0.000000,0.000000
0.025936,0.039595,-0.013659,0,0.000000,0.000000
0.034826,0.031506,0.003320,0,0.000000,0.000000
0.044612,0.029124,0.015488,0,0.000000,0.000000
0.041092,0.033540,0.007552,0,0.000000,0.000000
0.012609,0.008783,0.003827,0,0.000000,0.000000
0.038874,0.042151,-0.003277,0,0.000000,0.000000
0.058211,0.048330,0.009881,0,0.000000,0.000000
0.062848,0.043673,0.019175,0,0.000000,0.000000
0.069108,0.021245,0.047862,0,0.000000,0.000000
0.085941,0.027254,0.058686,0,0.000000,0.000000
0.069525,0.048359,0.021166,0,0.000000,0.000000
0.065051,0.064508,0.000543,0,0.000000,0.000000
0.076206,0.029863,0.046343,0,0.000000,0.000000
0.058377,0.019972,0.038405,0,0.000000,0.000000
0.052654,0.026494,0.026160,0,0.000000,0.000000
0.065553,0.034301,0.031252,0,0.000000,0.000000
0.047584,0.046183,0.001401,0,0.000000,0.000000
0.053192,0.026446,0.026745,0,0.000000,0.000000
0.049178,0.033628,0.015550,0,0.000000,0.000000
0.050488,0.022640,0.027848,0,0.000000,0.000000
0.139375,0.018120,0.121255,0,0.006000,0.000000
0.213654,0.041469,0.172185,0,0.062930,0.000000
0.155570,0.091871,0.063699,0,0.011373,0.000000
0.084761,0.213538,-0.128777,0,0.000000,0.006008
0.109715,0.252445,-0.142730,0,0.000000,0.025969
0.250029,0.338519,-0.088490,0,0.000000,0.000000
0.334344,0.505134,-0.170789,0,0.000000,0.048021
0.539963,0.609401,-0.069439,0,0.000000,0.000000
0.631001,0.690282,-0.059281,0,0.000000,0.000000
0.583276,0.648549,-0.065273,0,0.000000,0.000000
0.520638,0.916724,-0.396086,0,0.000000,0.273318
0.818880,0.910428,-0.091548,0,0.000000,0.242098
0.765817,0.792763,-0.026946,0,0.000000,0.146276
0.703051,0.975241,-0.272190,0,0.000000,0.295697
1.203472,0.818315,0.385157,0,0.269902,0.000000
0.950731,0.833505,0.117226,0,0.271873,0.000000
0.870580,0.923390,-0.052811,0,0.103807,0.000000
1.012284,0.774684,0.237599,0,0.226151,0.000000
0.757674,0.814191,-0.056517,0,0.054379,0.000000
0.853070,0.874780,-0.021709,0,0.000000,0.000000
0.856782,0.780195,0.076587,0,0.000000,0.000000
0.670038,0.807728,-0.137690,0,0.000000,0.014921
0.700633,0.934210,-0.233577,0,0.000000,0.125730
0.830546,0.773035,0.057512,0,0.000000,0.000000
0.670925,0.820640,-0.149716,0,0.000000,0.026947
0.696754,0.985152,-0.288398,0,0.000000,0.192577
0.940784,0.809915,0.130870,0,0.015614,0.000000
0.776609,0.827452,-0.050843,0,0.000000,0.000000
0.797366,0.969342,-0.171975,0,0.000000,0.049207
1.032602,0.814225,0.218377,0,0.103122,0.000000
0.809556,0.854599,-0.045043,0,0.000000,0.000000
0.805498,0.984935,-0.179437,0,0.000000,0.056669
0.990177,0.844244,0.145934,0,0.030679,0.000000
0.787119,0.853501,-0.066382,0,0.000000,0.000000
0.922081,1.083265,-0.161184,0,0.000000,0.038415
0.968061,0.933830,0.034231,0,0.000000,0.000000
0.784163,0.938431,-0.154268,0,0.000000,0.031499
0.864207,1.063138,-0.198930,0,0.000000,0.107661
1.019316,0.890536,0.128780,0,0.013525,0.000000
0.812406,0.927070,-0.114665,0,0.000000,0.000000
0.800399,1.050707,-0.250308,0,0.000000,0.127540
0.997855,0.905588,0.092266,0,0.000000,0.000000
0.795477,0.950097,-0.154620,0,0.000000,0.031851
0.791651,1.052192,-0.260541,0,0.000000,0.169624
0.978117,0.894055,0.084063,0,0.000000,0.000000
0.776073,0.894763,-0.118690,0,0.000000,0.000000
0.763963,1.039331,-0.275368,0,0.000000,0.152599
0.943812,0.863903,0.079910,0,0.000000,0.000000
0.746865,0.861418,-0.114553,0,0.000000,0.000000
0.881501,1.042253,-0.160751,0,0.000000,0.037983
0.919050,0.860374,0.058676,0,0.000000,0.000000
0.731130,0.866347,-0.135217,0,0.000000,0.012449
0.777100,0.989296,-0.212196,0,0.000000,0.101876
0.911510,0.845345,0.066165,0,0.000000,0.000000
0.732037,0.865808,-0.133771,0,0.000000,0.011002
0.740215,0.969556,-0.229342,0,0.000000,0.117575
0.933924,0.841653,0.092272,0,0.000000,0.000000
0.740588,0.861044,-0.120456,0,0.000000,0.000000
0.730061,0.966748,-0.236687,0,0.000000,0.113919
0.904157,0.835797,0.068361,0,0.000000,0.000000
0.709728,0.833966,-0.124237,0,0.000000,0.001469
0.679690,0.986470,-0.306780,0,0.000000,0.185480
0.860387,0.824209,0.036178,0,0.000000,0.026534
0.696682,0.856628,-0.159946,0,0.000000,0.063711
0.791955,1.019083,-0.227127,0,0.000000,0.168070
0.858632,0.799262,0.059370,0,0.000000,0.000000
0.698815,0.839563,-0.140748,0,0.000000,0.017979
0.731522,0.984065,-0.252543,0,0.000000,0.147754
0.843888,0.833584,0.010304,0,0.000000,0.014681
0.680753,0.839536,-0.158783,0,0.000000,0.050696
0.692310,0.963599,-0.271288,0,0.000000,0.199215
0.882973,0.832437,0.050536,0,0.000000,0.025911
0.718211,0.824653,-0.106443,0,0.000000,0.009585
0.721735,0.998369,-0.276634,0,0.000000,0.163451
0.919590,0.823777,0.095813,0,0.000000,0.000000
0.733114,0.860383,-0.127270,0,0.000000,0.004501
0.738419,1.001466,-0.263047,0,0.000000,0.144780
0.936117,0.858311,0.077806,0,0.000000,0.000000
0.754922,0.829506,-0.074584,0,0.000000,0.000000
0.912945,1.003017,-0.090072,0,0.000000,0.000000
0.964330,0.845068,0.119262,0,0.004007,0.000000
0.776001,1.031766,-0.255765,0,0.000000,0.132997
0.958848,0.948768,0.010080,0,0.000000,0.000148
0.932233,0.800800,0.131433,0,0.016178,0.000000
0.776658,0.970162,-0.193504,0,0.000000,0.070735
0.863656,1.021936,-0.158280,0,0.000000,0.106247
0.938590,1.001538,-0.062948,0,0.000000,0.046426
0.910186,0.848987,0.061200,0,0.000000,0.000000
0.720598,0.815633,-0.095035,0,0.000000,0.000000
0.753827,0.979212,-0.225385,0,0.000000,0.102617
0.904508,0.801291,0.103217,0,0.000000,0.000000
0.720912,0.837973,-0.117060,0,0.000000,0.000000
0.703221,0.969467,-0.266246,0,0.000000,0.143478
0.868999,0.791438,0.077561,0,0.000000,0.000000
0.705494,0.837013,-0.131519,0,0.000000,0.008750
0.722782,0.975691,-0.252908,0,0.000000,0.138890
0.917806,0.830100,0.087706,0,0.000000,0.000000
0.745174,0.871378,-0.126204,0,0.000000,0.003435
0.747391,0.996107,-0.248716,0,0.000000,0.129383
0.936786,0.822333,0.114453,0,0.000000,0.000000
0.750433,0.837522,-0.087089,0,0.000000,0.000000
0.894320,0.993032,-0.098712,0,0.000000,0.000000
0.932572,0.826296,0.106276,0,0.000000,0.000000
0.739659,0.828449,-0.088790,0,0.000000,0.000000
0.771891,0.981898,-0.210007,0,0.000000,0.087238
0.903970,0.822818,0.081152,0,0.000000,0.000000
0.715537,0.855319,-0.139781,0,0.000000,0.017013
0.708965,1.004377,-0.295412,0,0.000000,0.189657
0.885835,0.814090,0.071745,0,0.000000,0.000000
0.715078,0.839843,-0.124766,0,0.000000,0.001997
0.699343,0.998076,-0.298733,0,0.000000,0.177962
0.851188,0.842645,0.008544,0,0.000000,0.046649
0.691303,0.852504,-0.161201,0,0.000000,0.085082
0.691962,0.970548,-0.278585,0,0.000000,0.240899
0.863112,1.010441,-0.147329,0,0.000000,0.265459
0.880858,0.943038,-0.062180,0,0.000000,0.204871
0.908207,0.841544,0.066663,0,0.000000,0.015439
0.738344,0.857459,-0.119115,0,0.000000,0.011786
0.882120,0.996600,-0.114480,0,0.000000,0.003497
0.786860,0.817407,-0.030547,0,0.000000,0.000000
0.922489,1.002174,-0.079684,0,0.000000,0.000000
1.064478,0.967243,0.097234,0,0.000000,0.000000
0.872071,0.736942,0.135129,0,0.019874,0.000000
0.844239,0.784289,0.059950,0,0.000000,0.000000
0.750649,0.627396,0.123253,0,0.007998,0.000000
0.537284,0.569722,-0.032438,0,0.000000,0.000000
0.497953,0.645538,-0.147585,0,0.000000,0.024816
0.512839,0.484706,0.028133,0,0.000000,0.000000
0.365775,0.399585,-0.033810,0,0.000000,0.000000
0.330437,0.452956,-0.122519,0,0.000000,0.000000
0.377261,0.374117,0.003144,0,0.000000,0.000000
0.281902,0.320615,-0.038713,0,0.000000,0.000000
0.262843,0.378327,-0.115484,0,0.000000,0.000000
0.308978,0.254639,0.054338,0,0.000000,0.000000
0.229020,0.256053,-0.027033,0,0.000000,0.000000
0.209757,0.263801,-0.054044,0,0.000000,0.000000
0.235837,0.151225,0.084612,0,0.000000,0.000000
0.169429,0.168904,0.000524,0,0.000000,0.000000
0.184497,0.188078,-0.003581,0,0.000000,0.000000
0.173430,0.154433,0.018996,0,0.000000,0.000000
0.133904,0.108497,0.025408,0,0.000000,0.000000
0.130189,0.129419,0.000770,0,0.000000,0.000000
0.140186,0.066582,0.073604,0,0.000000,0.000000
0.105450,0.077992,0.027459,0,0.000000,0.000000
0.094957,0.101483,-0.006526,0,0.000000,0.000000
0.107351,0.027263,0.080088,0,0.000000,0.000000
0.079877,0.075195,0.004682,0,0.000000,0.000000
0.078994,0.065708,0.013286,0,0.000000,0.000000
0.095868,0.043856,0.052012,0,0.000000,0.000000
0.072207,0.045479,0.026728,0,0.000000,0.000000
0.069469,0.045830,0.023639,0,0.000000,0.000000
0.074437,0.032617,0.041819,0,0.000000,0.000000
0.052525,0.024568,0.027958,0,0.000000,0.000000
0.056930,0.015412,0.041518,0,0.000000,0.000000
0.062411,0.016665,0.045746,0,0.000000,0.000000
0.046622,0.028580,0.018042,0,0.000000,0.000000
0.043615,0.013304,0.030312,0,0.000000,0.000000
0.050151,0.039165,0.010986,0,0.000000,0.000000
0.039686,0.023712,0.015974,0,0.000000,0.000000
0.036001,0.009665,0.026336,0,0.000000,0.000000
0.000000,0.000000,0.000000,0.000000,0.000000,0.000000
0.003160,0.022278,-0.019119,0,0.000000,0.000000
0.015108,0.034611,-0.019504,0,0.000000,0.000000
0.025060,0.023275,0.001785,0,0.000000,0.000000
0.027225,0.031109,-0.003884,0,0.000000,0.000000
0.025545,0.051236,-0.025692,0,0.000000,0.000000
0.010493,0.034544,-0.024051,0,0.000000,0.000000
0.012359,0.028144,-0.015785,0,0.000000,0.000000
0.003999,0.030419,-0.026420,0,0.000000,0.000000
0.006142,0.021889,-0.015747,0,0.000000,0.000000
0.009959,0.040034,-0.030074,0,0.000000,0.000000
0.015029,0.018245,-0.003216,0,0.000000,0.000000
0.012826,0.020442,-0.007616,0,0.000000,0.000000
0.073386,0.015693,0.057693,0,0.000000,0.000000
0.052670,0.010799,0.041871,0,0.000000,0.000000
0.034622,0.020418,0.014204,0,0.000000,0.000000
0.038422,0.057483,-0.019061,0,0.000000,0.000000
0.052948,0.029384,0.023564,0,0.000000,0.000000
0.074057,0.030041,0.044015,0,0.000000,0.000000
0.072242,0.028423,0.043819,0,0.000000,0.000000
0.091271,0.041387,0.049884,0,0.000000,0.000000
0.078753,0.043217,0.035536,0,0.000000,0.000000
0.087018,0.019009,0.068009,0,0.000000,0.000000
0.077486,0.042443,0.035043,0,0.000000,0.000000
0.066743,0.040084,0.026659,0,0.000000,0.000000
0.074351,0.049790,0.024561,0,0.000000,0.000000
0.057862,0.061267,-0.003405,0,0.000000,0.000000
0.045583,0.040706,0.004877,0,0.000000,0.000000
0.079174,0.042989,0.036185,0,0.000000,0.000000
0.068906,0.032671,0.036235,0,0.000000,0.000000
0.068999,0.026785,0.042214,0,0.000000,0.000000
0.127640,0.019411,0.108229,0,0.000000,0.000000
0.142049,0.018901,0.123148,0,0.007893,0.000000
0.176803,0.062019,0.114784,0,0.007422,0.000000
0.142711,0.084027,0.058685,0,0.000000,0.000000
0.052066,0.144741,-0.092676,0,0.000000,0.000000
0.130431,0.325864,-0.195434,0,0.000000,0.072665
0.350365,0.319916,0.030449,0,0.000000,0.000000
0.413880,0.508383,-0.094503,0,0.000000,0.000000
0.547496,0.622425,-0.074929,0,0.000000,0.000000
0.576717,0.627460,-0.050743,0,0.000000,0.000000
0.524997,0.733476,-0.208479,0,0.000000,0.085710
0.576284,0.907626,-0.331342,0,0.000000,0.294284
0.805564,0.924268,-0.118704,0,0.000000,0.290219
0.521312,0.806331,-0.285019,0,0.000000,0.452469
0.670388,0.971801,-0.301413,0,0.000000,0.631114
1.130915,0.982519,0.148396,0,0.033141,0.359949
1.059862,0.820135,0.239727,0,0.157613,0.000000
0.875143,0.918190,-0.043047,0,0.000000,0.000000
0.979315,0.774449,0.204866,0,0.089611,0.000000
0.743211,0.787157,-0.043946,0,0.000000,0.000000
0.710340,0.919938,-0.209598,0,0.000000,0.086829
0.851933,0.790216,0.061717,0,0.000000,0.000000
0.669658,0.819111,-0.149453,0,0.000000,0.026685
0.668322,0.942195,-0.273873,0,0.000000,0.177789
0.841141,0.810277,0.030864,0,0.000000,0.024156
0.700204,0.792880,-0.092676,0,0.000000,0.000000
0.730812,0.934870,-0.204058,0,0.000000,0.081289
0.972459,0.840027,0.132432,0,0.017177,0.000000
0.791395,0.830021,-0.038626,0,0.000000,0.000000
0.968159,0.982138,-0.013979,0,0.000000,0.000000
1.006972,0.802721,0.204251,0,0.088996,0.000000
0.789598,0.861564,-0.071967,0,0.000000,0.000000
0.833648,0.964479,-0.130832,0,0.000000,0.008063
0.987416,0.789786,0.197630,0,0.082375,0.000000
0.786523,0.877318,-0.090795,0,0.000000,0.000000
0.783355,1.086876,-0.303521,0,0.000000,0.180753
0.978913,0.939968,0.038945,0,0.000000,0.019039
0.792611,0.919136,-0.126525,0,0.000000,0.022796
0.807625,1.084605,-0.276980,0,0.000000,0.177008
1.013698,0.938941,0.074757,0,0.000000,0.000000
0.799983,0.933428,-0.133445,0,0.000000,0.010676
0.796427,1.085973,-0.289546,0,0.000000,0.177454
0.986511,0.877380,0.109131,0,0.000000,0.000000
0.788824,0.947679,-0.158855,0,0.000000,0.036087
0.937457,1.077700,-0.140243,0,0.000000,0.053561
0.979661,0.862507,0.117154,0,0.001899,0.000000
0.774986,0.906477,-0.131492,0,0.000000,0.008723
0.812512,1.080335,-0.267824,0,0.000000,0.153778
0.936889,0.848522,0.088367,0,0.000000,0.000000
0.740830,0.866162,-0.125332,0,0.000000,0.002564
0.732398,1.042501,-0.310103,0,0.000000,0.189898
0.917140,0.847209,0.069932,0,0.000000,0.000000
0.730899,0.903637,-0.172738,0,0.000000,0.049970
0.729120,0.973464,-0.244344,0,0.000000,0.171545
0.899986,0.816879,0.083107,0,0.000000,0.000000
0.719425,0.863553,-0.144128,0,0.000000,0.021360
0.724065,0.952914,-0.228848,0,0.000000,0.127439
0.886110,0.805925,0.080185,0,0.000000,0.000000
0.705543,0.853389,-0.147846,0,0.000000,0.025077
0.843587,0.953724,-0.110137,0,0.000000,0.012446
0.859961,0.823110,0.036851,0,0.000000,0.000000
0.674193,0.849279,-0.175086,0,0.000000,0.052317
0.726864,0.997313,-0.270449,0,0.000000,0.199998
0.871256,0.827463,0.043793,0,0.000000,0.033437
0.673951,0.858865,-0.184914,0,0.000000,0.095582
0.673642,0.959604,-0.285962,0,0.000000,0.258776
0.880146,0.814656,0.065490,0,0.000000,0.070518
0.698306,0.830879,-0.132574,0,0.000000,0.080323
0.701554,1.011080,-0.309527,0,0.000000,0.267081
0.877589,0.807305,0.070284,0,0.000000,0.074028
0.713204,0.844552,-0.131348,0,0.000000,0.082607
0.721185,1.009267,-0.288082,0,0.000000,0.247921
0.910996,0.825380,0.085615,0,0.000000,0.039537
0.729984,0.840571,-0.110588,0,0.000000,0.027356
0.865709,0.985653,-0.119944,0,0.000000,0.024532
0.920850,0.855659,0.065192,0,0.000000,0.000000
0.733108,0.859477,-0.126369,0,0.000000,0.003601
0.775866,0.963666,-0.187800,0,0.000000,0.068633
0.896000,1.007278,-0.111278,0,0.000000,0.057142
0.907045,0.980117,-0.073072,0,0.000000,0.007446
0.875845,0.836378,0.039468,0,0.000000,0.000000
0.777199,0.809176,-0.031977,0,0.000000,0.000000
0.722803,1.000294,-0.277491,0,0.000000,0.154722
0.913667,0.832735,0.080933,0,0.000000,0.000000
0.734930,0.813935,-0.079005,0,0.000000,0.000000
0.736363,0.985420,-0.249057,0,0.000000,0.126289
0.915724,0.829510,0.086214,0,0.000000,0.000000
0.706717,0.826011,-0.119295,0,0.000000,0.000000
0.714685,0.982723,-0.268038,0,0.000000,0.145270
0.854504,1.016586,-0.162082,0,0.000000,0.184584
0.871092,1.012069,-0.140977,0,0.000000,0.202792
0.889237,0.821162,0.068075,0,0.000000,0.011948
0.711495,1.015307,-0.303812,0,0.000000,0.192992
0.895603,0.988941,-0.093338,0,0.000000,0.163562
0.889365,0.888104,0.001261,0,0.000000,0.039532
0.711708,0.995348,-0.283640,0,0.000000,0.200403
0.908969,0.807517,0.101452,0,0.000000,0.000000
0.738780,0.827815,-0.089035,0,0.000000,0.000000
0.887406,1.004503,-0.117097,0,0.000000,0.000000
0.789924,0.843569,-0.053645,0,0.000000,0.000000
0.883727,0.841986,0.041742,0,0.000000,0.000000
0.789301,0.977582,-0.188282,0,0.000000,0.065513
0.876749,0.862324,0.014426,0,0.000000,0.000000
0.777660,0.825239,-0.047578,0,0.000000,0.000000
0.725443,0.974542,-0.249098,0,0.000000,0.126330
0.888523,0.817733,0.070790,0,0.000000,0.000000
0.709633,0.825744,-0.116111,0,0.000000,0.000000
0.698700,0.973920,-0.275220,0,0.000000,0.152452
0.875932,0.842325,0.033607,0,0.000000,0.000000
0.705080,0.843380,-0.138300,0,0.000000,0.015531
0.705880,0.956105,-0.250225,0,0.000000,0.142987
0.835271,0.829174,0.006098,0,0.000000,0.014121
0.662635,0.824015,-0.161380,0,0.000000,0.052732
0.787460,0.976161,-0.188701,0,0.000000,0.118665
0.708351,0.825570,-0.117219,0,0.000000,0.113115
0.811525,0.801694,0.009831,0,0.000000,0.000000
0.751384,0.983478,-0.232094,0,0.000000,0.109325
0.860530,0.834718,0.025811,0,0.000000,0.000000
0.768910,0.821356,-0.052446,0,0.000000,0.000000
0.727303,0.964974,-0.237670,0,0.000000,0.114902
0.931402,0.850693,0.080708,0,0.000000,0.000000
0.814334,0.857332,-0.042999,0,0.000000,0.000000
0.867468,0.894144,-0.026675,0,0.000000,0.000000
1.016289,0.720701,0.295588,0,0.180333,0.000000
0.711798,0.694154,0.017644,0,0.082722,0.000000
0.619306,0.772162,-0.152855,0,0.000000,0.030087
0.661531,0.560122,0.101409,0,0.000000,0.000000
0.470057,0.512553,-0.042496,0,0.000000,0.000000
0.486526,0.575857,-0.089332,0,0.000000,0.000000
0.383985,0.390402,-0.006417,0,0.000000,0.000000
0.396233,0.409526,-0.013293,0,0.000000,0.000000
0.325138,0.435679,-0.110541,0,0.000000,0.000000
0.347678,0.312373,0.035306,0,0.000000,0.000000
0.284556,0.275822,0.008734,0,0.000000,0.000000
0.243998,0.362970,-0.118972,0,0.000000,0.000000
0.274082,0.212333,0.061749,0,0.000000,0.000000
0.204715,0.223383,-0.018667,0,0.000000,0.000000
0.192958,0.215594,-0.022636,0,0.000000,0.000000
0.217242,0.186844,0.030398,0,0.000000,0.000000
0.162925,0.202475,-0.039550,0,0.000000,0.000000
0.150233,0.165132,-0.014899,0,0.000000,0.000000
0.172447,0.119620,0.052827,0,0.000000,0.000000
0.124980,0.100878,0.024102,0,0.000000,0.000000
0.134331,0.078078,0.056253,0,0.000000,0.000000
0.112923,0.094655,0.018268,0,0.000000,0.000000
0.119376,0.084124,0.035252,0,0.000000,0.000000
0.097702,0.064215,0.033487,0,0.000000,0.000000
0.099977,0.043628,0.056349,0,0.000000,0.000000
0.078958,0.047222,0.031736,0,0.000000,0.000000
0.073505,0.034399,0.039106,0,0.000000,0.000000
0.089955,0.046340,0.043615,0,0.000000,0.000000
0.061070,0.057924,0.003145,0,0.000000,0.000000
0.055965,0.039699,0.016266,0,0.000000,0.000000
0.066007,0.023103,0.042904,0,0.000000,0.000000
0.049297,0.044694,0.004603,0,0.000000,0.000000
0.043140,0.015088,0.028053,0,0.000000,0.000000
0.052703,0.021208,0.031495,0,0.000000,0.000000
0.037682,0.034566,0.003116,0,0.000000,0.000000
0.043899,0.018406,0.025494,0,0.000000,0.000000
0.037938,0.056756,-0.018818,0,0.000000,0.000000
0.039966,0.023942,0.016024,0,0.000000,0.000000
0.033790,0.007002,0.026787,0,0.000000,0.000000
0.019949,0.021781,-0.001832,0,0.000000,0.000000
0.020612,0.044874,-0.024263,0,0.000000,0.000000
0.017650,0.015589,0.002061,0,0.000000,0.000000
0.009402,0.020978,-0.011575,0,0.000000,0.000000
0.006759,0.021091,-0.014332,0,0.000000,0.000000
0.001964,0.027724,-0.025759,0,0.000000,0.000000
0.006003,0.019157,-0.013154,0,0.000000,0.000000
0.011479,0.028925,-0.017446,0,0.000000,0.000000
0.015938,0.024196,-0.008258,0,0.000000,0.000000
0.000000,0.000000,0.000000,0.000000,0.000000,0.000000
0.004033,0.033578,-0.029545,0,0.000000,0.000000
0.021792,0.012530,0.009262,0,0.000000,0.000000
0.024242,0.042345,-0.018103,0,0.000000,0.000000
0.031117,0.072443,-0.041326,0,0.000000,0.000000
0.016620,0.025328,-0.008708,0,0.000000,0.000000
0.001857,0.023920,-0.022063,0,0.000000,0.000000
0.017204,0.031431,-0.014227,0,0.000000,0.000000
0.011381,0.031586,-0.020205,0,0.000000,0.000000
0.003573,0.038045,-0.034471,0,0.000000,0.000000
0.004537,0.026599,-0.022062,0,0.000000,0.000000
0.007462,0.043820,-0.036358,0,0.000000,0.000000
0.010765,0.011770,-0.001005,0,0.000000,0.000000
0.011614,0.038302,-0.026688,0,0.000000,0.000000
0.007404,0.032614,-0.025210,0,0.000000,0.000000
0.004369,0.020841,-0.016472,0,0.000000,0.000000
0.011540,0.031831,-0.020292,0,0.000000,0.000000
0.042388,0.067708,-0.025320,0,0.000000,0.000000
0.016914,0.025829,-0.008915,0,0.000000,0.000000
0.020661,0.038224,-0.017563,0,0.000000,0.000000
0.036364,0.044609,-0.008245,0,0.000000,0.000000
0.024075,0.042463,-0.018388,0,0.000000,0.000000
0.022490,0.043362,-0.020873,0,0.000000,0.000000
0.058303,0.025713,0.032591,0,0.000000,0.000000
0.084231,0.033892,0.050340,0,0.000000,0.000000
0.110347,0.043157,0.067191,0,0.000000,0.000000
0.132867,0.047781,0.085085,0,0.000000,0.000000
0.112621,0.045160,0.067461,0,0.000000,0.000000
0.111552,0.013921,0.097631,0,0.000000,0.000000
0.138250,0.036035,0.102215,0,0.000000,0.000000
0.108540,0.067478,0.041062,0,0.000000,0.000000
0.112000,0.049014,0.062986,0,0.000000,0.000000
0.085140,0.031001,0.054139,0,0.000000,0.000000
0.086331,0.070387,0.015944,0,0.000000,0.000000
0.066326,0.073693,-0.007367,0,0.000000,0.000000
0.064050,0.015144,0.048906,0,0.000000,0.000000
0.028783,0.038969,-0.010186,0,0.000000,0.000000
0.033702,0.035471,-0.001769,0,0.000000,0.000000
0.068462,0.022399,0.046062,0,0.000000,0.000000
0.132568,0.039042,0.093526,0,0.000000,0.000000
0.124743,0.075927,0.048816,0,0.000000,0.000000
0.061293,0.178530,-0.117237,0,0.000000,0.000000
0.093612,0.201419,-0.107808,0,0.000000,0.000000
0.253364,0.312468,-0.059105,0,0.000000,0.000000
0.353499,0.465778,-0.112279,0,0.000000,0.000000
0.558455,0.456880,0.101575,0,0.000000,0.000000
0.447837,0.531908,-0.084070,0,0.000000,0.000000
0.473058,0.728102,-0.255044,0,0.000000,0.132276
0.638325,0.674443,-0.036118,0,0.000000,0.045625
0.587117,0.781809,-0.194692,0,0.000000,0.117548
0.619838,0.951930,-0.332092,0,0.000000,0.326872
0.574969,0.792016,-0.217046,0,0.000000,0.421149
0.445737,0.837172,-0.391435,0,0.000000,0.689816
0.884123,0.957720,-0.073597,0,0.000000,0.640644
0.971783,0.801587,0.170196,0,0.054940,0.347680
1.062517,0.814272,0.248244,0,0.187930,0.000000
0.910188,0.949412,-0.039225,0,0.033450,0.000000
0.953213,0.800243,0.152970,0,0.071164,0.000000
0.792358,0.961930,-0.169572,0,0.000000,0.046803
0.852809,0.915180,-0.062371,0,0.000000,0.000000
0.789221,0.796049,-0.006828,0,0.000000,0.000000
0.695912,0.939879,-0.243966,0,0.000000,0.121198
0.827793,0.807606,0.020186,0,0.000000,0.000000
0.676055,0.796865,-0.120811,0,0.000000,0.000000
0.686662,0.959360,-0.272698,0,0.000000,0.149929
0.896731,0.816013,0.080718,0,0.000000,0.000000
0.760546,0.833956,-0.073410,0,0.000000,0.000000
0.776479,0.975735,-0.199256,0,0.000000,0.076488
0.988735,0.812831,0.175904,0,0.060648,0.000000
0.793151,0.840766,-0.047616,0,0.000000,0.000000
0.786870,0.950100,-0.163230,0,0.000000,0.040462
0.997863,0.870304,0.127558,0,0.012303,0.000000
0.812841,0.914071,-0.101230,0,0.000000,0.000000
0.948680,1.098797,-0.150117,0,0.000000,0.027349
0.987325,0.891441,0.095885,0,0.000000,0.000000
0.795804,0.952063,-0.156259,0,0.000000,0.033490
0.843104,1.082183,-0.239079,0,0.000000,0.149801
1.018389,0.928708,0.089681,0,0.000000,0.000000
0.811140,0.954022,-0.142881,0,0.000000,0.020113
0.808233,1.074407,-0.266174,0,0.000000,0.163518
0.999386,0.891051,0.108335,0,0.000000,0.000000
0.796123,0.916153,-0.120030,0,0.000000,0.000000
0.786469,1.048469,-0.262001,0,0.000000,0.139232
0.970231,0.870720,0.099512,0,0.000000,0.000000
0.769247,0.884150,-0.114904,0,0.000000,0.000000
0.748921,1.038091,-0.289170,0,0.000000,0.166401
0.924746,0.856614,0.068132,0,0.000000,0.000000
0.728169,0.850775,-0.122606,0,0.000000,0.000000
0.863991,1.038728,-0.174737,0,0.000000,0.051968
0.908871,0.844473,0.064398,0,0.000000,0.000000
0.724681,0.849464,-0.124783,0,0.000000,0.002015
0.769988,1.038782,-0.268794,0,0.000000,0.148040
0.911668,0.809295,0.102373,0,0.000000,0.000000
0.727410,0.830795,-0.103386,0,0.000000,0.000000
0.739751,0.976534,-0.236783,0,0.000000,0.114015
0.926318,0.845372,0.080946,0,0.000000,0.000000
0.741135,0.862328,-0.121193,0,0.000000,0.000000
0.733667,1.054984,-0.321317,0,0.000000,0.198548
0.906994,0.791304,0.115690,0,0.000434,0.000000
0.712327,0.982858,-0.270531,0,0.000000,0.147762
0.898910,1.013087,-0.114177,0,0.000000,0.139171
0.896504,0.846176,0.050327,0,0.000000,0.000000
0.724572,0.985880,-0.261307,0,0.000000,0.138539
0.896564,0.837292,0.059272,0,0.000000,0.000000
0.719768,0.837981,-0.118213,0,0.000000,0.000000
0.856600,0.994871,-0.138271,0,0.000000,0.015502
0.782937,0.788519,-0.005583,0,0.000000,0.000000
0.880264,0.850931,0.029333,0,0.000000,0.000000
0.786352,0.966798,-0.180446,0,0.000000,0.057677
0.860542,0.800452,0.060090,0,0.000000,0.000000
0.760527,1.009631,-0.249104,0,0.000000,0.126336
0.887744,0.999250,-0.111506,0,0.000000,0.115073
0.849711,0.854395,-0.004684,0,0.000000,0.000000
0.759641,0.973322,-0.213681,0,0.000000,0.090912
0.907347,0.823352,0.083995,0,0.000000,0.000000
0.711660,0.836800,-0.125141,0,0.000000,0.002372
0.702875,0.997372,-0.294497,0,0.000000,0.174101
0.886060,0.848419,0.037641,0,0.000000,0.013692
0.716847,1.009461,-0.292613,0,0.000000,0.183536
0.878633,0.975028,-0.096395,0,0.000000,0.157163
0.892267,0.869215,0.023051,0,0.000000,0.011343
0.717716,0.970778,-0.253061,0,0.000000,0.141636
0.923332,0.832043,0.091289,0,0.000000,0.000000
0.757095,0.857138,-0.100043,0,0.000000,0.000000
0.783393,0.965913,-0.182520,0,0.000000,0.059751
0.994040,0.808140,0.185900,0,0.070645,0.000000
0.817781,0.811738,0.006043,0,0.000000,0.000000
0.943010,0.975107,-0.032097,0,0.000000,0.000000
0.794766,0.848343,-0.053577,0,0.000000,0.000000
0.832913,0.858665,-0.025752,0,0.000000,0.000000
0.712003,1.014058,-0.302054,0,0.000000,0.179286
0.794475,0.819507,-0.025032,0,0.000000,0.081549
0.719026,0.819194,-0.100169,0,0.000000,0.058950
0.685037,0.988138,-0.303101,0,0.000000,0.239282
0.877342,0.803166,0.074176,0,0.000000,0.042337
0.722686,0.874813,-0.152126,0,0.000000,0.071695
0.735349,0.947522,-0.212173,0,0.000000,0.161100
0.929737,0.819357,0.110380,0,0.000000,0.000000
0.747504,0.838636,-0.091133,0,0.000000,0.000000
0.749409,1.002729,-0.253319,0,0.000000,0.130551
0.925345,1.008487,-0.083143,0,0.000000,0.090925
0.920956,0.972556,-0.051600,0,0.000000,0.019756
0.912559,0.830251,0.082309,0,0.000000,0.000000
0.723639,0.859533,-0.135894,0,0.000000,0.013125
0.711141,1.005080,-0.293939,0,0.000000,0.184296
0.876693,0.998468,-0.121775,0,0.000000,0.183302
0.883386,0.971629,-0.088243,0,0.000000,0.148776
0.894849,0.821362,0.073487,0,0.000000,0.000000
0.688950,0.858594,-0.169643,0,0.000000,0.046875
0.806899,0.979107,-0.172208,0,0.000000,0.096314
0.728697,0.842914,-0.114217,0,0.000000,0.087763
0.794086,0.813716,-0.019629,0,0.000000,0.000000
0.717382,0.982592,-0.265209,0,0.000000,0.142441
0.817918,0.837358,-0.019439,0,0.000000,0.039112
0.752894,0.866225,-0.113330,0,0.000000,0.029674
0.721417,1.000439,-0.279023,0,0.000000,0.185928
0.903315,0.802075,0.101240,0,0.000000,0.000000
0.724872,0.886161,-0.161289,0,0.000000,0.038521
0.774912,0.927241,-0.152329,0,0.000000,0.068081
1.073787,0.802711,0.271076,0,0.155821,0.000000
0.844375,0.759340,0.085036,0,0.125602,0.000000
0.752508,0.828201,-0.075693,0,0.000000,0.000000
0.791203,0.619711,0.171492,0,0.056237,0.000000
0.557096,0.622549,-0.065452,0,0.000000,0.000000
0.566873,0.619361,-0.052488,0,0.000000,0.000000
0.452387,0.504118,-0.051731,0,0.000000,0.000000
0.457374,0.402766,0.054609,0,0.000000,0.000000
0.365787,0.479663,-0.113876,0,0.000000,0.000000
0.369822,0.372443,-0.002621,0,0.000000,0.000000
0.306666,0.400813,-0.094147,0,0.000000,0.000000
0.327517,0.352880,-0.025363,0,0.000000,0.000000
0.290732,0.285299,0.005433,0,0.000000,0.000000
0.238045,0.272693,-0.034648,0,0.000000,0.000000
0.255991,0.257142,-0.001150,0,0.000000,0.000000
0.243373,0.233713,0.009660,0,0.000000,0.000000
0.213746,0.186352,0.027395,0,0.000000,0.000000
0.176967,0.167190,0.009776,0,0.000000,0.000000
0.159415,0.174714,-0.015299,0,0.000000,0.000000
0.180986,0.121346,0.059640,0,0.000000,0.000000
0.130293,0.110755,0.019538,0,0.000000,0.000000
0.118971,0.120047,-0.001076,0,0.000000,0.000000
0.133843,0.060489,0.073354,0,0.000000,0.000000
0.098762,0.062047,0.036715,0,0.000000,0.000000
0.084081,0.086117,-0.002036,0,0.000000,0.000000
0.096408,0.010696,0.085712,0,0.000000,0.000000
0.071061,0.026527,0.044534,0,0.000000,0.000000
0.065979,0.077090,-0.011111,0,0.000000,0.000000
0.077578,0.034253,0.043326,0,0.000000,0.000000
0.063666,0.027164,0.036503,0,0.000000,0.000000
0.064628,0.012678,0.051950,0,0.000000,0.000000
0.058883,0.046366,0.012517,0,0.000000,0.000000
0.045292,0.030041,0.015250,0,0.000000,0.000000
0.038137,0.049576,-0.011439,0,0.000000,0.000000
0.049066,0.053835,-0.004769,0,0.000000,0.000000
0.038362,0.015402,0.022960,0,0.000000,0.000000
0.041580,0.044338,-0.002758,0,0.000000,0.000000
0.053161,0.033619,0.019542,0,0.000000,0.000000
0.038843,0.029483,0.009360,0,0.000000,0.000000
0.032553,0.034267,-0.001714,0,0.000000,0.000000
0.023134,0.020528,0.002607,0,0.000000,0.000000
0.011043,0.016444,-0.005401,0,0.000000,0.000000
0.003222,0.022540,-0.019318,0,0.000000,0.000000
0.003910,0.030594,-0.026684,0,0.000000,0.000000
0.007631,0.023812,-0.016180,0,0.000000,0.000000
0.013388,0.013907,-0.000519,0,0.000000,0.000000
0.008695,0.026304,-0.017609,0,0.000000,0.000000
0.000000,0.000000,0.000000,0.000000,0.000000,0.000000
0.004132,0.028864,-0.024732,0,0.000000,0.000000
0.019589,0.038531,-0.018941,0,0.000000,0.000000
0.031568,0.049378,-0.017810,0,0.000000,0.000000
0.028376,0.036495,-0.008118,0,0.000000,0.000000
0.025417,0.049751,-0.024333,0,0.000000,0.000000
0.015257,0.005107,0.010151,0,0.000000,0.000000
0.004144,0.053663,-0.049519,0,0.000000,0.000000
0.011213,0.029553,-0.018340,0,0.000000,0.000000
0.027299,0.026959,0.000340,0,0.000000,0.000000
0.040063,0.012845,0.027219,0,0.000000,0.000000
0.041024,0.037957,0.003066,0,0.000000,0.000000
0.059973,0.044770,0.015203,0,0.000000,0.000000
0.079630,0.055430,0.024200,0,0.000000,0.000000
0.072433,0.022015,0.050417,0,0.000000,0.000000
0.089816,0.031090,0.058726,0,0.000000,0.000000
0.112375,0.016434,0.095941,0,0.000000,0.000000
0.087757,0.015304,0.072454,0,0.000000,0.000000
0.093994,0.016857,0.077137,0,0.000000,0.000000
0.068931,0.044366,0.024565,0,0.000000,0.000000
0.048850,0.051798,-0.002948,0,0.000000,0.000000
0.028726,0.010090,0.018636,0,0.000000,0.000000
0.031656,0.035910,-0.004254,0,0.000000,0.000000
0.060988,0.059091,0.001896,0,0.000000,0.000000
0.086339,0.029182,0.057157,0,0.000000,0.000000
0.150926,0.055478,0.095448,0,0.000000,0.000000
0.130156,0.079660,0.050496,0,0.000000,0.000000
0.090862,0.145463,-0.054600,0,0.000000,0.000000
0.048558,0.248187,-0.199629,0,0.000000,0.076860
0.173966,0.370769,-0.196803,0,0.000000,0.150895
0.434441,0.377388,0.057053,0,0.000000,0.000000
0.511184,0.454587,0.056597,0,0.000000,0.000000
0.526756,0.613964,-0.087207,0,0.000000,0.000000
0.625763,0.625934,-0.000170,0,0.000000,0.000000
0.511145,0.819563,-0.308418,0,0.000000,0.185649
0.672512,0.890916,-0.218404,0,0.000000,0.281285
0.713949,0.817075,-0.103127,0,0.000000,0.261643
0.498764,0.969126,-0.470362,0,0.000000,0.609237
0.831644,0.825913,0.005731,0,0.000000,0.480738
0.892675,0.806056,0.086619,0,0.000000,0.271350
0.910867,0.942525,-0.031658,0,0.000000,0.180239
1.089075,0.799111,0.289964,0,0.174708,0.000000
0.832817,0.795335,0.037483,0,0.096936,0.000000
0.777903,0.884314,-0.106411,0,0.000000,0.000000
0.900692,0.787768,0.112924,0,0.000000,0.000000
0.683155,0.946837,-0.263682,0,0.000000,0.140914
0.815027,0.951324,-0.136297,0,0.000000,0.154443
0.810891,0.805269,0.005622,0,0.000000,0.026052
0.656362,0.968762,-0.312400,0,0.000000,0.215683
0.843697,0.797832,0.045865,0,0.000000,0.047050
0.727155,0.994287,-0.267133,0,0.000000,0.191414
0.995331,0.999311,-0.003980,0,0.000000,0.072625
1.032425,0.780696,0.251729,0,0.136474,0.000000
0.823768,1.003605,-0.179837,0,0.000000,0.057068
0.997436,0.795134,0.202302,0,0.087047,0.000000
0.779781,0.844940,-0.065159,0,0.000000,0.000000
0.932047,0.974661,-0.042614,0,0.000000,0.000000
0.996266,0.812746,0.183520,0,0.068265,0.000000
0.788740,0.915515,-0.126775,0,0.000000,0.004006
0.825323,1.104934,-0.279611,0,0.000000,0.160848
0.970468,0.925693,0.044775,0,0.000000,0.000000
0.784090,0.903277,-0.119187,0,0.000000,0.000000
0.782574,1.122994,-0.340420,0,0.000000,0.217651
0.991453,0.914549,0.076904,0,0.000000,0.017979
0.795169,0.935881,-0.140712,0,0.000000,0.035923
0.795080,1.057560,-0.262480,0,0.000000,0.175634
0.999167,0.911510,0.087657,0,0.000000,0.000000
0.790193,0.905033,-0.114840,0,0.000000,0.000000
0.789500,1.038813,-0.249313,0,0.000000,0.126544
0.967571,0.859362,0.108208,0,0.000000,0.000000
0.763575,0.904472,-0.140897,0,0.000000,0.018129
0.892983,1.027377,-0.134395,0,0.000000,0.029755
0.929300,1.047699,-0.118400,0,0.000000,0.025386
0.922042,1.008939,-0.086897,0,0.000000,0.000000
0.777274,0.844470,-0.067196,0,0.000000,0.000000
0.866756,0.851119,0.015637,0,0.000000,0.000000
0.769410,1.000557,-0.231147,0,0.000000,0.108378
0.855437,0.820519,0.034918,0,0.000000,0.000000
0.757245,0.851701,-0.094457,0,0.000000,0.000000
0.712515,0.980115,-0.267600,0,0.000000,0.144832
0.896314,0.831308,0.065006,0,0.000000,0.000000
0.713394,0.871730,-0.158337,0,0.000000,0.035568
0.725923,0.982818,-0.256896,0,0.000000,0.169695
0.914704,0.836523,0.078181,0,0.000000,0.000000
0.717899,0.873318,-0.155420,0,0.000000,0.032651
0.710758,0.972033,-0.261275,0,0.000000,0.171158
0.884331,0.840634,0.043697,0,0.000000,0.004692
0.698877,0.826605,-0.127728,0,0.000000,0.009651
0.813222,1.016755,-0.203534,0,0.000000,0.090417
0.727499,0.852979,-0.125480,0,0.000000,0.093128
0.833376,0.848517,-0.015140,0,0.000000,0.000000
0.738940,0.993322,-0.254381,0,0.000000,0.131613
0.828234,0.841811,-0.013577,0,0.000000,0.022422
0.772073,0.974632,-0.202559,0,0.000000,0.102212
0.913620,1.009006,-0.095387,0,0.000000,0.074830
0.859120,0.873549,-0.014429,0,0.000000,0.000000
0.773953,0.989634,-0.215681,0,0.000000,0.092913
0.910414,0.823481,0.086932,0,0.000000,0.000000
0.728185,0.824245,-0.096059,0,0.000000,0.000000
0.731836,1.021011,-0.289175,0,0.000000,0.166406
0.929315,0.836825,0.092490,0,0.000000,0.000000
0.745462,0.866862,-0.121400,0,0.000000,0.000000
0.750934,1.018663,-0.267729,0,0.000000,0.144960
0.923905,0.788765,0.135140,0,0.019885,0.000000
0.718400,0.832691,-0.114291,0,0.000000,0.000000
0.703605,0.928289,-0.224685,0,0.000000,0.101916
0.901462,0.808375,0.093088,0,0.000000,0.000000
0.721344,0.853780,-0.132436,0,0.000000,0.009667
0.876458,0.964612,-0.088154,0,0.000000,0.000000
0.942187,0.825332,0.116855,0,0.001600,0.000000
0.739291,0.854697,-0.115406,0,0.000000,0.000000
0.708973,0.998426,-0.289453,0,0.000000,0.166684
0.814004,0.849228,-0.035223,0,0.000000,0.079139
0.669429,0.822337,-0.152908,0,0.000000,0.109278
0.686979,0.964549,-0.277570,0,0.000000,0.264079
0.911331,0.799462,0.111868,0,0.000000,0.029442
0.741382,0.848270,-0.106888,0,0.000000,0.013562
0.714885,0.974842,-0.259957,0,0.000000,0.150750
0.888808,0.839374,0.049434,0,0.000000,0.000000
0.710082,0.852000,-0.141918,0,0.000000,0.019150
0.714990,0.970804,-0.255814,0,0.000000,0.152195
0.907604,0.818835,0.088768,0,0.000000,0.000000
0.732405,0.848199,-0.115794,0,0.000000,0.000000
0.873627,0.991668,-0.118041,0,0.000000,0.000000
0.925168,0.844598,0.080570,0,0.000000,0.000000
0.742898,0.865872,-0.122974,0,0.000000,0.000206
0.787415,1.010068,-0.222653,0,0.000000,0.100090
0.918197,0.819776,0.098421,0,0.000000,0.000000
0.728632,0.847127,-0.118495,0,0.000000,0.000000
0.724595,0.972399,-0.247805,0,0.000000,0.125036
0.890828,0.820519,0.070309,0,0.000000,0.000000
0.710166,0.834186,-0.124020,0,0.000000,0.001251
0.711660,0.968064,-0.256404,0,0.000000,0.134886
0.895432,0.826802,0.068630,0,0.000000,0.000000
0.696712,0.832268,-0.135556,0,0.000000,0.012788
0.683702,0.947488,-0.263786,0,0.000000,0.153805
0.852791,0.854034,-0.001243,0,0.000000,0.032279
0.684494,0.805784,-0.121290,0,0.000000,0.030801
0.816632,0.986234,-0.169601,0,0.000000,0.077633
0.873967,0.800090,0.073877,0,0.000000,0.000000
0.713241,0.846492,-0.133250,0,0.000000,0.010482
0.769302,1.007988,-0.238685,0,0.000000,0.126399
0.909600,0.820968,0.088632,0,0.000000,0.000000
0.727834,0.847538,-0.119703,0,0.000000,0.000000
0.764181,0.996852,-0.232671,0,0.000000,0.109903
1.062641,0.835378,0.227262,0,0.112007,0.000000
0.861185,0.806384,0.054800,0,0.051552,0.000000
0.787658,0.848818,-0.061160,0,0.000000,0.000000
0.835349,0.639594,0.195756,0,0.080500,0.000000
0.585283,0.641957,-0.056674,0,0.000000,0.000000
0.526622,0.632052,-0.105430,0,0.000000,0.000000
0.573207,0.493214,0.079993,0,0.000000,0.000000
0.408028,0.456615,-0.048587,0,0.000000,0.000000
0.434097,0.500970,-0.066873,0,0.000000,0.000000
0.344633,0.361792,-0.017159,0,0.000000,0.000000
0.354155,0.347325,0.006830,0,0.000000,0.000000
0.293338,0.395993,-0.102655,0,0.000000,0.000000
0.304396,0.248008,0.056388,0,0.000000,0.000000
0.248289,0.270385,-0.022097,0,0.000000,0.000000
0.213967,0.256656,-0.042689,0,0.000000,0.000000
0.239075,0.179425,0.059650,0,0.000000,0.000000
0.175715,0.221210,-0.045495,0,0.000000,0.000000
0.163538,0.242336,-0.078798,0,0.000000,0.000000
0.194388,0.125461,0.068927,0,0.000000,0.000000
0.154842,0.130363,0.024479,0,0.000000,0.000000
0.169005,0.135080,0.033925,0,0.000000,0.000000
0.155441,0.092764,0.062677,0,0.000000,0.000000
0.113540,0.091707,0.021833,0,0.000000,0.000000
0.129582,0.102504,0.027078,0,0.000000,0.000000
0.117192,0.079136,0.038056,0,0.000000,0.000000
0.108733,0.044512,0.064221,0,0.000000,0.000000
0.080591,0.031835,0.048755,0,0.000000,0.000000
0.072400,0.061704,0.010696,0,0.000000,0.000000
0.081214,0.055870,0.025344,0,0.000000,0.000000
0.062516,0.040181,0.022335,0,0.000000,0.000000
0.064274,0.048029,0.016245,0,0.000000,0.000000
0.045442,0.062977,-0.017535,0,0.000000,0.000000
0.039228,0.017068,0.022160,0,0.000000,0.000000
0.029939,0.036356,-0.006417,0,0.000000,0.000000
0.035522,0.014676,0.020846,0,0.000000,0.000000
0.036281,0.026080,0.010200,0,0.000000,0.000000
0.036041,0.017154,0.018886,0,0.000000,0.000000
0.045713,0.013373,0.032340,0,0.000000,0.000000
0.006774,0.009867,-0.003092,0,0.000000,0.000000
0.006362,0.004493,0.001869,0,0.000000,0.000000
0.010115,0.019441,-0.009326,0,0.000000,0.000000
0.010865,0.037264,-0.026399,0,0.000000,0.000000
0.012479,0.024730,-0.012251,0,0.000000,0.000000
0.002806,0.040132,-0.037326,0,0.000000,0.000000
0.012302,0.042423,-0.030122,0,0.000000,0.000000
0.000000,0.000000,0.000000,0.000000,0.000000,0.000000
0.010113,0.074160,-0.064047,0,0.000000,0.053974
0.027230,0.010606,0.016624,0,0.014697,0.027276
0.025063,0.043136,-0.018073,0,0.000000,0.035277
0.021510,0.042237,-0.020726,0,0.000000,0.045930
0.011230,0.010824,0.000406,0,0.000000,0.035451
0.012415,0.006204,0.006211,0,0.004285,0.019166
0.004149,0.036278,-0.032129,0,0.000000,0.041221
0.002661,0.072765,-0.070104,0,0.000000,0.101252
0.008361,0.029075,-0.020713,0,0.000000,0.111892
0.008070,0.052149,-0.044079,0,0.000000,0.145897
0.008674,0.017564,-0.008890,0,0.000000,0.144714
0.006002,0.032348,-0.026346,0,0.000000,0.160987
0.004112,0.023689,-0.019577,0,0.000000,0.170490
0.006864,0.060015,-0.053151,0,0.000000,0.213567
0.013305,0.046369,-0.033064,0,0.000000,0.236558
0.036942,0.012106,0.024836,0,0.022909,0.201649
0.041944,0.017420,0.024524,0,0.045507,0.167052
0.039379,0.039958,-0.000579,0,0.043001,0.157557
0.017052,0.028251,-0.011199,0,0.029876,0.158683
0.011938,0.040121,-0.028183,0,0.000000,0.176792
0.035828,0.034992,0.000837,0,0.000000,0.165882
0.047824,0.062525,-0.014700,0,0.000000,0.170509
0.080138,0.037563,0.042575,0,0.040649,0.117860
0.068793,0.046210,0.022583,0,0.061305,0.085204
0.079705,0.045301,0.034404,0,0.093782,0.040727
0.105667,0.047947,0.057719,0,0.149574,0.000000
0.087096,0.042627,0.044469,0,0.192117,0.000000
0.081946,0.094928,-0.012981,0,0.177209,0.002908
0.095504,0.017467,0.078037,0,0.253319,0.000000
0.068323,0.030998,0.037326,0,0.288717,0.000000
0.066095,0.046263,0.019831,0,0.306622,0.000000
0.060870,0.016222,0.044649,0,0.349344,0.000000
0.045005,0.020580,0.024425,0,0.371842,0.000000
0.039537,0.048088,-0.008551,0,0.361364,0.000000
0.044988,0.045864,-0.000875,0,0.358562,0.000000
0.028817,0.048344,-0.019527,0,0.337108,0.009454
0.166802,0.024849,0.141954,0,0.477135,0.000000
0.153134,0.057571,0.095563,0,0.570771,0.000000
0.099429,0.141674,-0.042245,0,0.526599,0.032172
0.040893,0.190410,-0.149517,0,0.375155,0.171616
0.133829,0.297267,-0.163438,0,0.209790,0.324981
0.309308,0.440398,-0.131091,0,0.076772,0.445999
0.515871,0.452406,0.063464,0,0.138310,0.372461
0.408369,0.538525,-0.130156,0,0.006227,0.492544
0.496209,0.712891,-0.216682,0,0.000000,0.699153
0.608381,0.654820,-0.046439,0,0.000000,0.735518
0.529481,0.747082,-0.217601,0,0.000000,0.943046
0.684018,0.884842,-0.200824,0,0.000000,1.133797
0.977842,0.787429,0.190413,0,0.188487,0.933310
0.730061,0.876897,-0.146836,0,0.039723,1.070073
1.004573,0.950881,0.053691,0,0.091488,1.006309
1.185384,0.779042,0.406342,0,0.495904,0.589893
0.892356,0.826912,0.065444,0,0.559421,0.514376
0.863310,0.925640,-0.062330,0,0.495164,0.566632
0.986170,0.788816,0.197354,0,0.690592,0.359205
0.732295,0.807643,-0.075348,0,0.613317,0.424480
0.691955,0.955276,-0.263321,0,0.348069,0.677728
0.837338,0.796215,0.041123,0,0.387265,0.626532
0.659935,0.813349,-0.153414,0,0.231924,0.769873
0.656741,0.933020,-0.276279,0,0.000000,1.036078
0.841262,0.788364,0.052898,0,0.050971,0.973107
0.693437,0.835101,-0.141664,0,0.000000,1.104697
0.892976,0.934739,-0.041763,0,0.000000,1.136387
0.975249,0.830687,0.144562,0,0.142635,0.981752
0.785841,0.828375,-0.042534,0,0.098174,1.014213
0.835535,0.991338,-0.155803,0,0.000000,1.159943
0.983954,0.793889,0.190065,0,0.188138,0.959805
0.788534,0.841501,-0.052966,0,0.133245,1.002698
0.777298,1.007480,-0.230182,0,0.000000,1.222806
0.981659,0.846503,0.135156,0,0.133230,1.077576
0.792135,0.918897,-0.126763,0,0.004540,1.194266
0.786045,1.085606,-0.299561,0,0.000000,1.483753
0.995861,0.921164,0.074697,0,0.072770,1.398983
0.797046,0.951260,-0.154214,0,0.000000,1.543124
0.808290,1.048458,-0.240168,0,0.000000,1.773218
1.008004,0.911000,0.097004,0,0.095077,1.666141
0.798251,0.946898,-0.148648,0,0.000000,1.804716
0.945642,1.078681,-0.133039,0,0.000000,1.927681
0.994703,0.901116,0.093587,0,0.091660,1.824021
0.789325,0.927738,-0.138413,0,0.000000,1.952361
0.832922,1.056655,-0.223733,0,0.000000,2.166020
0.962625,0.880820,0.081805,0,0.079878,2.074142
0.760672,0.905129,-0.144457,1,0.000000,2.208527
0.753065,1.023281,-0.270217,1,0.000000,2.468670
0.927633,0.851815,0.075818,1,0.073892,2.382778
0.733135,0.857552,-0.124417,1,0.000000,2.497122
0.729045,1.011743,-0.282698,1,0.000000,2.769747
0.923058,0.837979,0.085078,1,0.083152,2.674595
0.735672,0.887923,-0.152251,1,0.000000,2.816772
0.727508,1.016419,-0.288912,1,0.000000,3.095611
0.901603,0.839958,0.061645,1,0.059718,3.023893
0.732201,0.833677,-0.101476,1,0.000000,3.115295
0.866617,1.003312,-0.136695,1,0.000000,3.241917
0.916914,0.795874,0.121040,1,0.119113,3.110804
0.731144,0.856662,-0.125518,1,0.000000,3.226249
0.770232,0.974700,-0.204468,1,0.000000,3.420644
0.896084,0.840284,0.055800,1,0.053874,3.354770
0.704327,0.852587,-0.148260,1,0.000000,3.492957
0.705498,0.984024,-0.278526,1,0.000000,3.761410
0.903768,0.818169,0.085599,1,0.083672,3.665738
0.726763,0.807186,-0.080423,1,0.001323,3.736087
0.714987,0.961546,-0.246559,1,0.000000,3.972573
0.898394,0.807954,0.090440,1,0.088513,3.872060
0.703115,0.826000,-0.122885,1,0.000000,3.984871
0.699013,0.998811,-0.299798,1,0.000000,4.274596
0.876666,0.841282,0.035385,1,0.033458,4.229138
0.713201,0.815810,-0.102609,1,0.000000,4.321674
0.863745,1.027274,-0.163529,1,0.000000,4.475130
0.907269,0.812501,0.094768,1,0.092841,4.370289
0.730626,0.838020,-0.107395,1,0.000000,4.467610
0.775324,0.989210,-0.213886,1,0.000000,4.671423
0.916357,1.023104,-0.106747,1,0.000000,4.768097
0.931243,1.013529,-0.082286,1,0.000000,4.840310
0.876089,0.840367,0.035722,1,0.033796,4.794514
0.775052,0.853788,-0.078736,1,0.000000,4.863177
0.730610,0.964870,-0.234260,1,0.000000,5.087364
0.896163,0.834758,0.061405,1,0.059478,5.015886
0.743718,0.878689,-0.134971,1,0.000000,5.140783
0.759523,0.981568,-0.222045,1,0.000000,5.352755
0.925156,0.814201,0.110955,1,0.109029,5.231726
0.736223,0.840856,-0.104633,1,0.002469,5.326285
0.716583,0.963081,-0.246498,1,0.000000,5.562710
0.859852,0.843566,0.016286,1,0.014359,5.536351
0.647822,0.867801,-0.219979,1,0.000000,5.746256
0.817357,0.964189,-0.146832,1,0.000000,5.883015
0.739208,0.846135,-0.106927,1,0.000000,5.979869
0.834417,0.819782,0.014635,1,0.012709,5.955160
0.736595,0.949501,-0.212907,1,0.000000,6.157994
0.820651,0.866148,-0.045497,1,0.000000,6.193418
0.735519,0.819463,-0.083944,1,0.000000,6.267289
0.702246,1.002577,-0.300331,1,0.000000,6.557546
0.885067,0.840453,0.044614,1,0.042687,6.502859
0.719350,0.817565,-0.098215,1,0.000000,6.591000
0.726726,0.966887,-0.240162,1,0.000000,6.821089
0.916960,0.842852,0.074108,1,0.072181,6.736907
0.737724,0.802653,-0.064930,1,0.005325,6.791764
0.738338,0.998192,-0.259854,1,0.000000,7.041545
0.921427,0.828783,0.092644,1,0.090717,6.938827
0.736343,0.819065,-0.082722,1,0.006068,7.011476
0.869933,0.965460,-0.095527,1,0.000000,7.096931
0.768808,0.855350,-0.086542,1,0.000000,7.173399
0.848315,0.861853,-0.013538,1,0.000000,7.176864
0.747204,0.980642,-0.233438,1,0.000000,7.400229
0.833888,0.803526,0.030361,1,0.028435,7.359794
0.748106,1.012809,-0.264704,1,0.000000,7.614425
0.894868,0.991626,-0.096758,1,0.000000,7.701110
0.820757,0.848169,-0.027412,1,0.000000,7.718449
0.714472,0.969157,-0.254684,1,0.000000,7.963060
0.845481,0.813900,0.031581,1,0.029654,7.921406
0.678018,0.827045,-0.149028,1,0.000000,8.060360
0.676672,0.993515,-0.316843,1,0.000000,8.367130
0.873248,0.821022,0.052226,1,0.050299,8.304831
0.720763,0.845498,-0.124736,1,0.000000,8.419493
0.739975,1.008483,-0.268508,1,0.000000,8.677928
0.923617,0.819316,0.104301,1,0.102375,8.563553
0.737188,0.855632,-0.118444,1,0.000000,8.671924
0.756435,1.003169,-0.246734,1,0.000000,8.908585
1.021040,0.811615,0.209425,1,0.207499,8.689086
0.848974,0.809998,0.038976,1,0.244548,8.640037
0.908196,0.810335,0.097860,1,0.340482,8.532103
0.810784,0.642462,0.168322,1,0.506877,8.353708
0.573088,0.629637,-0.056548,1,0.448402,8.400183
0.526806,0.631645,-0.104839,1,0.341636,8.494949
0.533099,0.539871,-0.006772,1,0.332938,8.491647
0.385171,0.447453,-0.062283,1,0.268728,8.543856
0.353530,0.457666,-0.104136,1,0.162666,8.637919
0.407816,0.360386,0.047430,1,0.208169,8.580416
0.301238,0.322986,-0.021747,1,0.184495,8.592090
0.281233,0.350187,-0.068954,1,0.113614,8.650971
0.320270,0.277570,0.042700,1,0.154387,8.598198
0.237114,0.235890,0.001224,1,0.153684,8.586900
0.213366,0.260510,-0.047144,1,0.104613,8.623971
0.253573,0.239347,0.014226,1,0.116913,8.599672
0.189032,0.204424,-0.015392,1,0.099594,8.604991
0.206944,0.186684,0.020260,1,0.117927,8.574658
0.189151,0.126124,0.063027,1,0.179027,8.501558
0.138060,0.149925,-0.011865,1,0.165235,8.503350
0.154537,0.114819,0.039718,1,0.203027,8.453558
0.142570,0.107662,0.034908,1,0.236007,8.408577
0.106768,0.136113,-0.029345,1,0.204736,8.427849
0.110972,0.058979,0.051993,1,0.254802,8.365782
0.093442,0.081930,0.011513,1,0.264388,8.344196
0.109378,0.053593,0.055785,1,0.318247,8.278338
0.102390,0.065409,0.036981,1,0.353301,8.231284
0.086829,0.062268,0.024561,1,0.375935,8.196650
0.087570,0.043503,0.044067,1,0.418075,8.142509
0.063347,0.036487,0.026860,1,0.443009,8.105576
0.051165,0.058737,-0.007572,1,0.433510,8.103075
0.051640,0.016414,0.035227,1,0.466810,8.057775
0.031100,0.050759,-0.019659,1,0.445224,8.067361
0.027427,0.021674,0.005753,1,0.449050,8.051534
0.037549,0.007741,0.029809,1,0.476933,8.011652
0.027547,0.008915,0.018631,1,0.493637,7.982948
0.027148,0.045690,-0.018541,1,0.473169,7.991416
0.034827,0.016958,0.017869,1,0.489111,7.963473
0.025925,0.027129,-0.001204,1,0.485980,7.954604
0.035060,0.014386,0.020674,1,0.504728,7.923857
0.025720,0.010124,0.015595,1,0.518396,7.898189
0.023123,0.051581,-0.028458,1,0.488011,7.916574
0.028074,0.028414,-0.000340,1,0.485745,7.906840
0.033183,0.015899,0.017284,1,0.501102,7.879483
0.024259,0.024106,0.000153,1,0.499328,7.869257
0.024627,0.021647,0.002980,1,0.500381,7.856204
0.018234,0.038588,-0.020354,1,0.478101,7.866484
0.009348,0.035369,-0.026021,1,0.450153,7.882432
0.012964,0.018303,-0.005339,1,0.442887,7.877697
0.003607,0.029106,-0.025499,1,0.415461,7.893123
0.000000,0.000000,0.000000,0.000000,0.000000,0.000000
0.004216,0.032626,-0.028410,0,0.000000,0.018337
0.009491,0.039300,-0.029809,0,0.000000,0.038072
0.026408,0.064910,-0.038502,0,0.000000,0.066501
0.039437,0.053223,-0.013787,0,0.000000,0.070215
0.034634,0.030101,0.004533,0,0.002607,0.055608
0.016898,0.036050,-0.019152,0,0.000000,0.064687
0.009263,0.028003,-0.018740,0,0.000000,0.073354
0.003931,0.031511,-0.027580,0,0.000000,0.090861
0.002270,0.028072,-0.025802,0,0.000000,0.106590
0.005519,0.029172,-0.023653,0,0.000000,0.120170
0.010658,0.030685,-0.020027,0,0.000000,0.130124
0.007454,0.013936,-0.006482,0,0.000000,0.126533
0.030899,0.027437,0.003462,0,0.001535,0.112997
0.029301,0.034384,-0.005083,0,0.000000,0.108007
0.036540,0.038013,-0.001473,0,0.000000,0.099407
0.069183,0.024311,0.044872,0,0.042945,0.044462
0.064243,0.016550,0.047693,0,0.088711,0.000000
0.074223,0.033185,0.041038,0,0.127822,0.000000
0.117456,0.029034,0.088422,0,0.214317,0.000000
0.093113,0.023329,0.069783,0,0.282174,0.000000
0.090235,0.030429,0.059806,0,0.340053,0.000000
0.116373,0.022709,0.093664,0,0.431790,0.000000
0.075831,0.037725,0.038106,0,0.467969,0.000000
0.076742,0.054792,0.021950,0,0.487993,0.000000
0.054945,0.030897,0.024048,0,0.510114,0.000000
0.046779,0.044908,0.001871,0,0.510058,0.000000
0.048899,0.008204,0.040695,0,0.548826,0.000000
0.060199,0.028914,0.031285,0,0.578184,0.000000
0.050224,0.050502,-0.000278,0,0.575979,0.000000
0.081366,0.048590,0.032776,0,0.606828,0.000000
0.188449,0.059505,0.128944,0,0.733846,0.000000
0.177557,0.041245,0.136311,0,0.868230,0.000000
0.069792,0.154401,-0.084609,0,0.781694,0.074535
0.098799,0.310141,-0.211342,0,0.568425,0.275805
0.336722,0.346560,-0.009838,0,0.556661,0.275569
0.369422,0.444582,-0.075160,0,0.479574,0.340656
0.515640,0.621595,-0.105955,0,0.371692,0.436538
0.554172,0.555009,-0.000837,0,0.368929,0.427301
0.538647,0.641162,-0.102515,0,0.264487,0.519743
0.466064,0.831191,-0.365127,0,0.000000,0.874797
0.667573,0.747619,-0.080046,0,0.000000,0.944770
0.695662,0.773545,-0.077883,0,0.000000,1.012580
0.596890,0.966856,-0.369967,0,0.000000,1.372473
1.146677,0.821631,0.325045,0,0.323118,1.037355
0.953071,0.846199,0.106871,0,0.428063,0.920410
0.898590,0.943957,-0.045367,0,0.380770,0.955703
1.034470,0.791785,0.242685,0,0.621529,0.702944
0.779960,0.804674,-0.024714,0,0.594888,0.717585
0.734020,0.905869,-0.171849,0,0.421112,0.879361
0.861712,0.787202,0.074510,0,0.493695,0.794778
0.672777,0.816495,-0.143717,0,0.348051,0.928422
0.788545,0.927220,-0.138675,0,0.207449,1.057024
0.701316,0.776757,-0.075441,0,0.130081,1.122392
0.798927,0.796454,0.002473,0,0.130627,1.109846
0.728952,0.964112,-0.235159,0,0.000000,1.334932
0.878717,0.799960,0.078757,0,0.076830,1.246101
0.823980,0.834239,-0.010258,0,0.064645,1.246286
0.801938,0.987270,-0.185332,0,0.000000,1.421545
1.013393,0.818792,0.194601,0,0.192674,1.216871
0.800399,0.833404,-0.033006,0,0.157742,1.239804
0.791726,0.969573,-0.177847,0,0.000000,1.407577
0.992692,0.823194,0.169498,0,0.167571,1.228006
0.791794,1.009874,-0.218080,0,0.000000,1.436013
0.968449,1.049283,-0.080833,0,0.000000,1.506773
0.988844,0.931342,0.057502,0,0.055575,1.439198
0.784888,1.112842,-0.327955,0,0.000000,1.757080
0.975692,0.893647,0.082045,0,0.080118,1.664961
0.790521,0.947290,-0.156769,0,0.000000,1.811658
0.796625,1.094622,-0.297997,0,0.000000,2.099581
0.990997,0.927069,0.063928,0,0.062001,2.025580
0.789740,0.930036,-0.140296,0,0.000000,2.155803
0.946169,1.064553,-0.118384,1,0.000000,2.264113
0.989357,0.888254,0.101102,0,0.099176,2.152938
0.790198,0.892648,-0.102450,1,0.000000,2.245314
0.829490,1.077208,-0.247719,1,0.000000,2.482960
0.961630,1.098291,-0.136661,1,0.000000,2.609547
0.949202,1.016876,-0.067674,1,0.000000,2.667148
0.889704,0.847305,0.042399,1,0.040473,2.614675
0.790689,0.879413,-0.088725,1,0.000000,2.693327
0.740083,0.988653,-0.248570,1,0.000000,2.931823
0.911213,0.848806,0.062406,1,0.060480,2.859343
0.725833,0.877025,-0.151192,1,0.000000,3.000462
0.724738,0.985494,-0.260755,1,0.000000,3.251144
0.886177,0.867344,0.018833,1,0.016906,3.222238
0.713071,0.821370,-0.108299,1,0.000000,3.320464
0.703469,0.988651,-0.285182,1,0.000000,3.595572
0.871782,0.811720,0.060062,1,0.058135,3.525437
0.704094,0.827868,-0.123774,1,0.000000,3.639138
0.831505,0.962019,-0.130515,1,0.000000,3.759580
0.740829,0.802415,-0.061585,1,0.000000,3.811092
0.858243,0.844846,0.013397,1,0.011470,3.787622
0.780494,0.974958,-0.194464,1,0.000000,3.972012
0.877138,0.826735,0.050403,1,0.048476,3.911536
0.773978,0.856844,-0.082866,1,0.000000,3.984329
0.724421,1.007128,-0.282707,1,0.000000,4.256963
0.906980,0.839543,0.067437,1,0.065511,4.179452
0.718651,0.849584,-0.130933,1,0.000000,4.300312
0.718581,0.984150,-0.265569,1,0.000000,4.555808
0.891661,0.844925,0.046736,1,0.044810,4.498998
0.726737,0.839869,-0.113133,1,0.000000,4.602058
0.729029,1.018672,-0.289643,1,0.000000,4.881627
0.907766,0.827848,0.079918,1,0.077991,4.791636
0.728415,0.848533,-0.120118,1,0.000000,4.901680
0.868152,1.016036,-0.147884,1,0.000000,5.039491
0.778737,0.852639,-0.073902,1,0.000000,5.103320
0.874574,0.784292,0.090283,1,0.088356,5.002964
0.782540,0.988788,-0.206248,1,0.000000,5.199138
0.871405,0.816580,0.054825,1,0.052899,5.134239
0.766228,0.843321,-0.077093,1,0.000000,5.201259
0.732833,1.007072,-0.274240,1,0.000000,5.465425
0.931354,0.815579,0.115775,1,0.113848,5.339577
0.748987,0.844923,-0.095937,1,0.015985,5.425441
0.741877,0.985358,-0.243481,1,0.000000,5.658848
0.928957,0.813236,0.115720,1,0.113794,5.533055
0.741023,1.007738,-0.266716,1,0.000000,5.789697
0.863920,0.999988,-0.136068,1,0.000000,5.915692
0.858503,0.842676,0.015828,1,0.013901,5.889791
0.679373,0.971449,-0.292076,1,0.000000,6.171794
0.845578,0.828165,0.017413,1,0.015486,6.144308
0.692278,0.831001,-0.138722,1,0.000000,6.272957
0.699234,0.946454,-0.247220,1,0.000000,6.510104
0.867862,0.845810,0.022052,1,0.020125,6.477979
0.692676,0.858249,-0.165574,1,0.000000,6.633479
0.838212,1.011443,-0.173231,1,0.000000,6.796637
0.911973,0.845319,0.066654,1,0.064727,6.719910
0.743567,0.812602,-0.069035,1,0.000000,6.778872
0.797900,0.986288,-0.188387,1,0.000000,6.957186
0.939336,1.009195,-0.069859,1,0.000000,7.016972
0.938509,1.011781,-0.073272,1,0.000000,7.080170
0.892195,0.816835,0.075360,1,0.073433,6.994737
0.792709,0.833655,-0.040946,1,0.030561,7.025610
0.737549,0.971394,-0.233845,1,0.000000,7.249381
0.911334,0.845553,0.065781,1,0.063855,7.173527
0.722399,0.832238,-0.109840,1,0.000000,7.273293
0.720961,0.990734,-0.269773,1,0.000000,7.532993
0.891179,0.833124,0.058054,1,0.056128,7.464865
0.711145,0.818188,-0.107043,1,0.000000,7.561835
0.709009,0.976655,-0.267646,1,0.000000,7.819408
0.888326,0.814118,0.074208,1,0.072281,7.735127
0.684397,0.850590,-0.166194,1,0.000000,7.891247
0.793510,0.973283,-0.179773,1,0.000000,8.060947
0.724812,0.837118,-0.112306,1,0.000000,8.163180
0.829446,1.009247,-0.179801,1,0.000000,8.332908
0.862161,0.987362,-0.125201,1,0.000000,8.448036
0.743687,0.802589,-0.058902,1,0.000000,8.496865
0.850423,1.009203,-0.158780,1,0.000000,8.645571
0.910945,0.817664,0.093281,1,0.091355,8.542216
0.739939,0.807308,-0.067369,1,0.022059,8.599512
0.789338,0.972922,-0.183584,1,0.000000,8.773022
1.012756,0.813436,0.199319,1,0.197393,8.563630
0.860074,0.802571,0.057502,1,0.252968,8.496054
0.830975,0.908581,-0.077607,1,0.173435,8.563587
0.901964,0.673874,0.228089,1,0.399598,8.325425
0.626673,0.641896,-0.015223,1,0.382448,8.330574
0.557289,0.708518,-0.151228,1,0.229293,8.471729
0.602755,0.549069,0.053686,1,0.281052,8.407970
0.434036,0.524050,-0.090014,1,0.189112,8.487910
0.391389,0.524201,-0.132812,1,0.054374,8.610649
0.441912,0.399564,0.042349,1,0.094795,8.558227
0.332165,0.382730,-0.050565,1,0.042303,8.598719
0.363162,0.403102,-0.039940,1,0.000437,8.628585
0.346683,0.311039,0.035644,1,0.034155,8.582868
0.261623,0.260672,0.000951,1,0.033178,8.571844
0.255572,0.303941,-0.048369,1,0.000000,8.610139
0.268868,0.232050,0.036819,1,0.034892,8.563248
0.193539,0.195205,-0.001666,1,0.031299,8.554840
0.177622,0.208097,-0.030475,1,0.000000,8.575242
0.205673,0.136062,0.069611,1,0.067684,8.495558
0.152780,0.143105,0.009675,1,0.075432,8.475809
0.141745,0.161692,-0.019947,1,0.053558,8.485683
0.163185,0.098255,0.064930,1,0.116562,8.410680
0.120907,0.100690,0.020217,1,0.134852,8.380389
0.108458,0.088975,0.019483,1,0.152409,8.350833
0.119959,0.072215,0.047744,1,0.198226,8.293016
0.086904,0.090835,-0.003930,1,0.192369,8.286873
0.093654,0.068005,0.025649,1,0.216091,8.251150
0.090171,0.054025,0.036147,1,0.250311,8.204931
0.070416,0.044326,0.026089,1,0.274473,8.168768
0.084572,0.032997,0.051575,1,0.324122,8.107120
0.084303,0.037737,0.046566,1,0.368761,8.050480
0.060591,0.046265,0.014326,1,0.381160,8.026081
0.063385,0.033906,0.029479,1,0.408712,7.986530
0.049821,0.032075,0.017746,1,0.424532,7.958710
0.048159,0.044494,0.003665,1,0.426270,7.944972
0.052444,0.031866,0.020577,1,0.444920,7.914321
0.036264,0.030580,0.005683,1,0.448677,7.898565
0.034494,0.048420,-0.013927,1,0.432823,7.902418
0.044405,0.022760,0.021644,1,0.452541,7.870700
0.041869,0.062382,-0.020513,1,0.430102,7.881140
0.037263,0.022628,0.014636,1,0.442810,7.856431
0.029965,0.023561,0.006404,1,0.447288,7.839954
0.027101,0.018811,0.008290,1,0.453651,7.821591
